trans_id,taxa_cobrada_real
T100000,0.028
T100001,0.028
T100002,0.028
T100003,0.03
T100004,0.025
T100005,0.0
T100006,0.0
T100007,0.03
T100008,0.025
T100009,0.0
T100010,0.028
T100011,0.0
T100012,0.0
T100013,0.0
T100014,0.0
T100015,0.0
T100016,0.03
T100017,0.025
T100018,0.025
T100019,0.025
T100020,0.03
T100021,0.028
T100022,0.03
T100023,0.028
T100024,0.03
T100025,0.0
T100026,0.025
T100027,0.028
T100028,0.0
T100029,0.0
T100030,0.0
T100031,0.028
T100032,0.0
T100033,0.028
T100034,0.0
T100035,0.0
T100036,0.0
T100037,0.025
T100038,0.0
T100039,0.03
T100040,0.028
T100041,0.0
T100042,0.0
T100043,0.025
T100044,0.025
T100045,0.028
T100046,0.0
T100047,0.0
T100048,0.028
T100049,0.025
T100050,0.028
T100051,0.025
T100052,0.028
T100053,0.028
T100054,0.03
T100055,0.0
T100056,0.0
T100057,0.028
T100058,0.0
T100059,0.0
T100060,0.028
T100061,0.0
T100062,0.025
T100063,0.0
T100064,0.0
T100065,0.0
T100066,0.025
T100067,0.0
T100068,0.03
T100069,0.03
T100070,0.025
T100071,0.025
T100072,0.03
T100073,0.028
T100074,0.03
T100075,0.025
T100076,0.0
T100077,0.0
T100078,0.0
T100079,0.0
T100080,0.0
T100081,0.025
T100082,0.03
T100083,0.03
T100084,0.0
T100085,0.028
T100086,0.03
T100087,0.025
T100088,0.0
T100089,0.025
T100090,0.03
T100091,0.028
T100092,0.028
T100093,0.0
T100094,0.0
T100095,0.025
T100096,0.028
T100097,0.0
T100098,0.028
T100099,0.025
T100100,0.028
T100101,0.0
T100102,0.025
T100103,0.0
T100104,0.028
T100105,0.028
T100106,0.025
T100107,0.0
T100108,0.028
T100109,0.0
T100110,0.0
T100111,0.025
T100112,0.03
T100113,0.0
T100114,0.025
T100115,0.028
T100116,0.03
T100117,0.025
T100118,0.03
T100119,0.0
T100120,0.0
T100121,0.025
T100122,0.03
T100123,0.025
T100124,0.03
T100125,0.028
T100126,0.0
T100127,0.03
T100128,0.0
T100129,0.025
T100130,0.03
T100131,0.0
T100132,0.025
T100133,0.0
T100134,0.03
T100135,0.025
T100136,0.03
T100137,0.028
T100138,0.0
T100139,0.0
T100140,0.0
T100141,0.0
T100142,0.03
T100143,0.03
T100144,0.0
T100145,0.025
T100146,0.03
T100147,0.025
T100148,0.028
T100149,0.0
T100150,0.028
T100151,0.025
T100152,0.03
T100153,0.0
T100154,0.025
T100155,0.0
T100156,0.025
T100157,0.028
T100158,0.0
T100159,0.03
T100160,0.028
T100161,0.025
T100162,0.028
T100163,0.0
T100164,0.025
T100165,0.03
T100166,0.028
T100167,0.0
T100168,0.0
T100169,0.028
T100170,0.0
T100171,0.028
T100172,0.03
T100173,0.0
T100174,0.025
T100175,0.025
T100176,0.025
T100177,0.0
T100178,0.028
T100179,0.03
T100180,0.0
T100181,0.03
T100182,0.025
T100183,0.0
T100184,0.0
T100185,0.0
T100186,0.025
T100187,0.025
T100188,0.0
T100189,0.03
T100190,0.025
T100191,0.0
T100192,0.03
T100193,0.028
T100194,0.03
T100195,0.028
T100196,0.0
T100197,0.03
T100198,0.03
T100199,0.03
T100200,0.0
T100201,0.0
T100202,0.028
T100203,0.03
T100204,0.0
T100205,0.03
T100206,0.0
T100207,0.03
T100208,0.03
T100209,0.03
T100210,0.028
T100211,0.028
T100212,0.028
T100213,0.0
T100214,0.0
T100215,0.0
T100216,0.03
T100217,0.0
T100218,0.0
T100219,0.0
T100220,0.03
T100221,0.025
T100222,0.025
T100223,0.025
T100224,0.03
T100225,0.03
T100226,0.028
T100227,0.03
T100228,0.025
T100229,0.025
T100230,0.0
T100231,0.03
T100232,0.025
T100233,0.028
T100234,0.0
T100235,0.03
T100236,0.0
T100237,0.028
T100238,0.03
T100239,0.025
T100240,0.025
T100241,0.0
T100242,0.03
T100243,0.025
T100244,0.028
T100245,0.03
T100246,0.028
T100247,0.0
T100248,0.028
T100249,0.025
T100250,0.025
T100251,0.0
T100252,0.028
T100253,0.03
T100254,0.028
T100255,0.025
T100256,0.03
T100257,0.03
T100258,0.0
T100259,0.028
T100260,0.0
T100261,0.03
T100262,0.0
T100263,0.03
T100264,0.0
T100265,0.0
T100266,0.0
T100267,0.025
T100268,0.0
T100269,0.025
T100270,0.03
T100271,0.028
T100272,0.028
T100273,0.0
T100274,0.03
T100275,0.025
T100276,0.025
T100277,0.025
T100278,0.025
T100279,0.03
T100280,0.025
T100281,0.03
T100282,0.0
T100283,0.028
T100284,0.0
T100285,0.0
T100286,0.03
T100287,0.03
T100288,0.03
T100289,0.03
T100290,0.03
T100291,0.0
T100292,0.028
T100293,0.0
T100294,0.0
T100295,0.025
T100296,0.028
T100297,0.025
T100298,0.028
T100299,0.025
T100300,0.03
T100301,0.0
T100302,0.03
T100303,0.025
T100304,0.0
T100305,0.0
T100306,0.028
T100307,0.0
T100308,0.028
T100309,0.0
T100310,0.0
T100311,0.028
T100312,0.0
T100313,0.0
T100314,0.0
T100315,0.0
T100316,0.0
T100317,0.025
T100318,0.0
T100319,0.0
T100320,0.0
T100321,0.0
T100322,0.03
T100323,0.0
T100324,0.03
T100325,0.028
T100326,0.028
T100327,0.028
T100328,0.025
T100329,0.025
T100330,0.0
T100331,0.025
T100332,0.03
T100333,0.025
T100334,0.025
T100335,0.0
T100336,0.025
T100337,0.028
T100338,0.0
T100339,0.0
T100340,0.028
T100341,0.0
T100342,0.03
T100343,0.025
T100344,0.0
T100345,0.0
T100346,0.0
T100347,0.03
T100348,0.03
T100349,0.025
T100350,0.028
T100351,0.0
T100352,0.03
T100353,0.0
T100354,0.0
T100355,0.025
T100356,0.0
T100357,0.028
T100358,0.028
T100359,0.03
T100360,0.0
T100361,0.028
T100362,0.025
T100363,0.03
T100364,0.0
T100365,0.03
T100366,0.028
T100367,0.028
T100368,0.025
T100369,0.028
T100370,0.0
T100371,0.03
T100372,0.03
T100373,0.0
T100374,0.0
T100375,0.025
T100376,0.0
T100377,0.028
T100378,0.03
T100379,0.0
T100380,0.0
T100381,0.03
T100382,0.028
T100383,0.03
T100384,0.028
T100385,0.0
T100386,0.03
T100387,0.03
T100388,0.03
T100389,0.0
T100390,0.03
T100391,0.025
T100392,0.028
T100393,0.0
T100394,0.03
T100395,0.0
T100396,0.03
T100397,0.0
T100398,0.0
T100399,0.028
T100400,0.0
T100401,0.028
T100402,0.03
T100403,0.0
T100404,0.0
T100405,0.028
T100406,0.028
T100407,0.0
T100408,0.025
T100409,0.0
T100410,0.025
T100411,0.03
T100412,0.03
T100413,0.03
T100414,0.0
T100415,0.03
T100416,0.025
T100417,0.028
T100418,0.03
T100419,0.025
T100420,0.028
T100421,0.025
T100422,0.0
T100423,0.025
T100424,0.03
T100425,0.0
T100426,0.0
T100427,0.03
T100428,0.0
T100429,0.0
T100430,0.0
T100431,0.0
T100432,0.03
T100433,0.0
T100434,0.025
T100435,0.028
T100436,0.03
T100437,0.028
T100438,0.0
T100439,0.028
T100440,0.0
T100441,0.0
T100442,0.03
T100443,0.0
T100444,0.025
T100445,0.0
T100446,0.0
T100447,0.028
T100448,0.0
T100449,0.028
T100450,0.03
T100451,0.0
T100452,0.028
T100453,0.025
T100454,0.025
T100455,0.03
T100456,0.0
T100457,0.0
T100458,0.028
T100459,0.0
T100460,0.0
T100461,0.03
T100462,0.025
T100463,0.028
T100464,0.03
T100465,0.03
T100466,0.03
T100467,0.025
T100468,0.028
T100469,0.028
T100470,0.025
T100471,0.0
T100472,0.0
T100473,0.0
T100474,0.025
T100475,0.028
T100476,0.025
T100477,0.028
T100478,0.025
T100479,0.025
T100480,0.0
T100481,0.03
T100482,0.0
T100483,0.0
T100484,0.03
T100485,0.025
T100486,0.025
T100487,0.03
T100488,0.025
T100489,0.0
T100490,0.028
T100491,0.03
T100492,0.025
T100493,0.03
T100494,0.025
T100495,0.03
T100496,0.025
T100497,0.025
T100498,0.028
T100499,0.0
T100500,0.03
T100501,0.0
T100502,0.0
T100503,0.028
T100504,0.03
T100505,0.028
T100506,0.025
T100507,0.028
T100508,0.025
T100509,0.025
T100510,0.025
T100511,0.03
T100512,0.028
T100513,0.03
T100514,0.03
T100515,0.03
T100516,0.0
T100517,0.03
T100518,0.0
T100519,0.0
T100520,0.03
T100521,0.0
T100522,0.03
T100523,0.028
T100524,0.025
T100525,0.028
T100526,0.03
T100527,0.0
T100528,0.03
T100529,0.03
T100530,0.03
T100531,0.025
T100532,0.028
T100533,0.0
T100534,0.03
T100535,0.025
T100536,0.0
T100537,0.0
T100538,0.028
T100539,0.03
T100540,0.0
T100541,0.03
T100542,0.0
T100543,0.025
T100544,0.0
T100545,0.0
T100546,0.0
T100547,0.0
T100548,0.025
T100549,0.028
T100550,0.03
T100551,0.0
T100552,0.0
T100553,0.028
T100554,0.03
T100555,0.0
T100556,0.0
T100557,0.0
T100558,0.0
T100559,0.025
T100560,0.028
T100561,0.03
T100562,0.0
T100563,0.028
T100564,0.025
T100565,0.0
T100566,0.0
T100567,0.025
T100568,0.03
T100569,0.028
T100570,0.025
T100571,0.03
T100572,0.025
T100573,0.028
T100574,0.028
T100575,0.03
T100576,0.025
T100577,0.028
T100578,0.0
T100579,0.025
T100580,0.028
T100581,0.028
T100582,0.03
T100583,0.0
T100584,0.025
T100585,0.025
T100586,0.028
T100587,0.03
T100588,0.03
T100589,0.028
T100590,0.028
T100591,0.0
T100592,0.0
T100593,0.03
T100594,0.03
T100595,0.0
T100596,0.028
T100597,0.03
T100598,0.028
T100599,0.025
T100600,0.0
T100601,0.03
T100602,0.025
T100603,0.03
T100604,0.0
T100605,0.025
T100606,0.0
T100607,0.0
T100608,0.028
T100609,0.0
T100610,0.0
T100611,0.0
T100612,0.025
T100613,0.03
T100614,0.025
T100615,0.0
T100616,0.028
T100617,0.0
T100618,0.028
T100619,0.0
T100620,0.0
T100621,0.025
T100622,0.028
T100623,0.0
T100624,0.025
T100625,0.025
T100626,0.0
T100627,0.025
T100628,0.03
T100629,0.028
T100630,0.03
T100631,0.0
T100632,0.025
T100633,0.0
T100634,0.028
T100635,0.03
T100636,0.028
T100637,0.03
T100638,0.03
T100639,0.03
T100640,0.0
T100641,0.03
T100642,0.025
T100643,0.025
T100644,0.028
T100645,0.0
T100646,0.03
T100647,0.028
T100648,0.028
T100649,0.028
T100650,0.03
T100651,0.03
T100652,0.028
T100653,0.0
T100654,0.0
T100655,0.03
T100656,0.03
T100657,0.025
T100658,0.03
T100659,0.025
T100660,0.0
T100661,0.025
T100662,0.0
T100663,0.03
T100664,0.0
T100665,0.0
T100666,0.0
T100667,0.03
T100668,0.0
T100669,0.03
T100670,0.0
T100671,0.03
T100672,0.0
T100673,0.0
T100674,0.0
T100675,0.0
T100676,0.0
T100677,0.0
T100678,0.0
T100679,0.028
T100680,0.0
T100681,0.0
T100682,0.03
T100683,0.0
T100684,0.03
T100685,0.0
T100686,0.03
T100687,0.028
T100688,0.03
T100689,0.03
T100690,0.0
T100691,0.028
T100692,0.025
T100693,0.025
T100694,0.025
T100695,0.028
T100696,0.028
T100697,0.025
T100698,0.028
T100699,0.03
T100700,0.03
T100701,0.028
T100702,0.03
T100703,0.03
T100704,0.028
T100705,0.03
T100706,0.0
T100707,0.0
T100708,0.0
T100709,0.0
T100710,0.025
T100711,0.028
T100712,0.0
T100713,0.0
T100714,0.0
T100715,0.0
T100716,0.0
T100717,0.025
T100718,0.03
T100719,0.0
T100720,0.03
T100721,0.025
T100722,0.03
T100723,0.0
T100724,0.0
T100725,0.03
T100726,0.028
T100727,0.025
T100728,0.028
T100729,0.0
T100730,0.03
T100731,0.025
T100732,0.028
T100733,0.03
T100734,0.0
T100735,0.0
T100736,0.03
T100737,0.03
T100738,0.0
T100739,0.025
T100740,0.03
T100741,0.025
T100742,0.0
T100743,0.0
T100744,0.0
T100745,0.0
T100746,0.03
T100747,0.03
T100748,0.028
T100749,0.028
T100750,0.03
T100751,0.03
T100752,0.025
T100753,0.025
T100754,0.03
T100755,0.03
T100756,0.0
T100757,0.0
T100758,0.028
T100759,0.03
T100760,0.028
T100761,0.03
T100762,0.03
T100763,0.0
T100764,0.0
T100765,0.0
T100766,0.0
T100767,0.025
T100768,0.028
T100769,0.028
T100770,0.0
T100771,0.0
T100772,0.025
T100773,0.03
T100774,0.025
T100775,0.028
T100776,0.0
T100777,0.028
T100778,0.0
T100779,0.03
T100780,0.0
T100781,0.03
T100782,0.028
T100783,0.025
T100784,0.03
T100785,0.0
T100786,0.0
T100787,0.028
T100788,0.025
T100789,0.025
T100790,0.03
T100791,0.0
T100792,0.028
T100793,0.0
T100794,0.028
T100795,0.0
T100796,0.028
T100797,0.025
T100798,0.0
T100799,0.0
T100800,0.0
T100801,0.0
T100802,0.0
T100803,0.03
T100804,0.0
T100805,0.03
T100806,0.028
T100807,0.025
T100808,0.025
T100809,0.0
T100810,0.03
T100811,0.025
T100812,0.03
T100813,0.025
T100814,0.028
T100815,0.03
T100816,0.0
T100817,0.0
T100818,0.0
T100819,0.03
T100820,0.0
T100821,0.025
T100822,0.03
T100823,0.028
T100824,0.0
T100825,0.03
T100826,0.03
T100827,0.0
T100828,0.025
T100829,0.028
T100830,0.03
T100831,0.0
T100832,0.028
T100833,0.025
T100834,0.0
T100835,0.0
T100836,0.0
T100837,0.0
T100838,0.028
T100839,0.0
T100840,0.028
T100841,0.03
T100842,0.025
T100843,0.028
T100844,0.03
T100845,0.0
T100846,0.03
T100847,0.028
T100848,0.025
T100849,0.025
T100850,0.03
T100851,0.025
T100852,0.0
T100853,0.028
T100854,0.0
T100855,0.0
T100856,0.0
T100857,0.025
T100858,0.03
T100859,0.0
T100860,0.0
T100861,0.0
T100862,0.025
T100863,0.028
T100864,0.0
T100865,0.025
T100866,0.028
T100867,0.025
T100868,0.0
T100869,0.03
T100870,0.0
T100871,0.0
T100872,0.025
T100873,0.0
T100874,0.03
T100875,0.025
T100876,0.03
T100877,0.0
T100878,0.0
T100879,0.025
T100880,0.03
T100881,0.025
T100882,0.0
T100883,0.025
T100884,0.03
T100885,0.03
T100886,0.0
T100887,0.025
T100888,0.0
T100889,0.03
T100890,0.028
T100891,0.025
T100892,0.03
T100893,0.03
T100894,0.028
T100895,0.025
T100896,0.028
T100897,0.028
T100898,0.0
T100899,0.0
T100900,0.03
T100901,0.0
T100902,0.025
T100903,0.028
T100904,0.0
T100905,0.028
T100906,0.028
T100907,0.0
T100908,0.0
T100909,0.028
T100910,0.025
T100911,0.0
T100912,0.03
T100913,0.03
T100914,0.0
T100915,0.0
T100916,0.028
T100917,0.025
T100918,0.0
T100919,0.028
T100920,0.0
T100921,0.0
T100922,0.028
T100923,0.0
T100924,0.028
T100925,0.028
T100926,0.0
T100927,0.0
T100928,0.0
T100929,0.0
T100930,0.025
T100931,0.0
T100932,0.03
T100933,0.028
T100934,0.028
T100935,0.03
T100936,0.0
T100937,0.03
T100938,0.028
T100939,0.025
T100940,0.03
T100941,0.0
T100942,0.0
T100943,0.03
T100944,0.0
T100945,0.028
T100946,0.028
T100947,0.03
T100948,0.0
T100949,0.03
T100950,0.0
T100951,0.028
T100952,0.03
T100953,0.025
T100954,0.025
T100955,0.025
T100956,0.03
T100957,0.028
T100958,0.03
T100959,0.028
T100960,0.025
T100961,0.028
T100962,0.03
T100963,0.03
T100964,0.0
T100965,0.028
T100966,0.028
T100967,0.0
T100968,0.0
T100969,0.028
T100970,0.03
T100971,0.03
T100972,0.03
T100973,0.0
T100974,0.0
T100975,0.028
T100976,0.025
T100977,0.0
T100978,0.0
T100979,0.03
T100980,0.03
T100981,0.0
T100982,0.0
T100983,0.028
T100984,0.03
T100985,0.028
T100986,0.028
T100987,0.0
T100988,0.0
T100989,0.0
T100990,0.0
T100991,0.025
T100992,0.0
T100993,0.03
T100994,0.0
T100995,0.028
T100996,0.03
T100997,0.0
T100998,0.028
T100999,0.028
T101000,0.0
T101001,0.03
T101002,0.0
T101003,0.0
T101004,0.025
T101005,0.03
T101006,0.0
T101007,0.0
T101008,0.0
T101009,0.0
T101010,0.028
T101011,0.0
T101012,0.0
T101013,0.025
T101014,0.028
T101015,0.028
T101016,0.0
T101017,0.028
T101018,0.0
T101019,0.025
T101020,0.0
T101021,0.025
T101022,0.028
T101023,0.0
T101024,0.028
T101025,0.03
T101026,0.03
T101027,0.028
T101028,0.028
T101029,0.0
T101030,0.03
T101031,0.028
T101032,0.03
T101033,0.0
T101034,0.0
T101035,0.0
T101036,0.025
T101037,0.03
T101038,0.03
T101039,0.03
T101040,0.0
T101041,0.028
T101042,0.028
T101043,0.0
T101044,0.025
T101045,0.03
T101046,0.0
T101047,0.025
T101048,0.025
T101049,0.03
T101050,0.025
T101051,0.0
T101052,0.028
T101053,0.03
T101054,0.0
T101055,0.03
T101056,0.028
T101057,0.025
T101058,0.025
T101059,0.03
T101060,0.0
T101061,0.028
T101062,0.025
T101063,0.028
T101064,0.0
T101065,0.025
T101066,0.0
T101067,0.028
T101068,0.0
T101069,0.028
T101070,0.03
T101071,0.03
T101072,0.028
T101073,0.025
T101074,0.0
T101075,0.03
T101076,0.025
T101077,0.028
T101078,0.0
T101079,0.0
T101080,0.0
T101081,0.03
T101082,0.0
T101083,0.0
T101084,0.025
T101085,0.025
T101086,0.0
T101087,0.0
T101088,0.0
T101089,0.028
T101090,0.025
T101091,0.0
T101092,0.03
T101093,0.03
T101094,0.025
T101095,0.025
T101096,0.03
T101097,0.028
T101098,0.025
T101099,0.028
T101100,0.0
T101101,0.025
T101102,0.03
T101103,0.0
T101104,0.025
T101105,0.028
T101106,0.028
T101107,0.025
T101108,0.025
T101109,0.03
T101110,0.025
T101111,0.025
T101112,0.025
T101113,0.028
T101114,0.0
T101115,0.0
T101116,0.0
T101117,0.0
T101118,0.028
T101119,0.0
T101120,0.028
T101121,0.025
T101122,0.03
T101123,0.03
T101124,0.025
T101125,0.025
T101126,0.028
T101127,0.03
T101128,0.028
T101129,0.0
T101130,0.03
T101131,0.025
T101132,0.025
T101133,0.03
T101134,0.03
T101135,0.0
T101136,0.0
T101137,0.03
T101138,0.025
T101139,0.0
T101140,0.0
T101141,0.0
T101142,0.0
T101143,0.025
T101144,0.025
T101145,0.028
T101146,0.0
T101147,0.025
T101148,0.028
T101149,0.028
T101150,0.025
T101151,0.028
T101152,0.0
T101153,0.028
T101154,0.03
T101155,0.03
T101156,0.028
T101157,0.0
T101158,0.03
T101159,0.0
T101160,0.0
T101161,0.0
T101162,0.0
T101163,0.0
T101164,0.025
T101165,0.028
T101166,0.0
T101167,0.0
T101168,0.028
T101169,0.03
T101170,0.03
T101171,0.03
T101172,0.03
T101173,0.028
T101174,0.03
T101175,0.0
T101176,0.0
T101177,0.0
T101178,0.028
T101179,0.028
T101180,0.0
T101181,0.0
T101182,0.025
T101183,0.025
T101184,0.03
T101185,0.025
T101186,0.025
T101187,0.028
T101188,0.0
T101189,0.0
T101190,0.028
T101191,0.0
T101192,0.03
T101193,0.028
T101194,0.0
T101195,0.0
T101196,0.025
T101197,0.03
T101198,0.025
T101199,0.03
T101200,0.0
T101201,0.025
T101202,0.0
T101203,0.0
T101204,0.028
T101205,0.028
T101206,0.03
T101207,0.0
T101208,0.0
T101209,0.03
T101210,0.0
T101211,0.025
T101212,0.028
T101213,0.028
T101214,0.0
T101215,0.03
T101216,0.03
T101217,0.0
T101218,0.025
T101219,0.0
T101220,0.028
T101221,0.028
T101222,0.0
T101223,0.03
T101224,0.03
T101225,0.025
T101226,0.03
T101227,0.025
T101228,0.025
T101229,0.025
T101230,0.0
T101231,0.03
T101232,0.03
T101233,0.0
T101234,0.03
T101235,0.03
T101236,0.025
T101237,0.0
T101238,0.025
T101239,0.0
T101240,0.025
T101241,0.03
T101242,0.03
T101243,0.0
T101244,0.028
T101245,0.03
T101246,0.025
T101247,0.028
T101248,0.028
T101249,0.0
T101250,0.0
T101251,0.0
T101252,0.028
T101253,0.0
T101254,0.0
T101255,0.028
T101256,0.028
T101257,0.0
T101258,0.025
T101259,0.025
T101260,0.0
T101261,0.03
T101262,0.0
T101263,0.028
T101264,0.028
T101265,0.025
T101266,0.025
T101267,0.0
T101268,0.0
T101269,0.0
T101270,0.028
T101271,0.028
T101272,0.0
T101273,0.028
T101274,0.0
T101275,0.0
T101276,0.03
T101277,0.025
T101278,0.0
T101279,0.0
T101280,0.028
T101281,0.028
T101282,0.0
T101283,0.0
T101284,0.025
T101285,0.03
T101286,0.0
T101287,0.03
T101288,0.03
T101289,0.03
T101290,0.03
T101291,0.025
T101292,0.03
T101293,0.028
T101294,0.03
T101295,0.0
T101296,0.0
T101297,0.03
T101298,0.028
T101299,0.03
T101300,0.028
T101301,0.03
T101302,0.028
T101303,0.0
T101304,0.025
T101305,0.025
T101306,0.03
T101307,0.0
T101308,0.025
T101309,0.03
T101310,0.028
T101311,0.028
T101312,0.025
T101313,0.028
T101314,0.025
T101315,0.03
T101316,0.028
T101317,0.028
T101318,0.025
T101319,0.03
T101320,0.03
T101321,0.03
T101322,0.025
T101323,0.03
T101324,0.0
T101325,0.028
T101326,0.025
T101327,0.0
T101328,0.028
T101329,0.0
T101330,0.03
T101331,0.028
T101332,0.028
T101333,0.0
T101334,0.025
T101335,0.0
T101336,0.03
T101337,0.025
T101338,0.0
T101339,0.028
T101340,0.028
T101341,0.0
T101342,0.025
T101343,0.025
T101344,0.0
T101345,0.028
T101346,0.028
T101347,0.028
T101348,0.0
T101349,0.0
T101350,0.025
T101351,0.0
T101352,0.03
T101353,0.03
T101354,0.028
T101355,0.025
T101356,0.0
T101357,0.0
T101358,0.0
T101359,0.0
T101360,0.0
T101361,0.028
T101362,0.0
T101363,0.03
T101364,0.025
T101365,0.0
T101366,0.0
T101367,0.03
T101368,0.0
T101369,0.0
T101370,0.028
T101371,0.028
T101372,0.025
T101373,0.0
T101374,0.025
T101375,0.0
T101376,0.0
T101377,0.03
T101378,0.0
T101379,0.025
T101380,0.03
T101381,0.028
T101382,0.025
T101383,0.025
T101384,0.0
T101385,0.0
T101386,0.0
T101387,0.03
T101388,0.028
T101389,0.025
T101390,0.03
T101391,0.03
T101392,0.025
T101393,0.03
T101394,0.028
T101395,0.03
T101396,0.025
T101397,0.03
T101398,0.03
T101399,0.0
T101400,0.025
T101401,0.025
T101402,0.0
T101403,0.0
T101404,0.03
T101405,0.025
T101406,0.0
T101407,0.03
T101408,0.028
T101409,0.025
T101410,0.028
T101411,0.028
T101412,0.03
T101413,0.025
T101414,0.0
T101415,0.028
T101416,0.03
T101417,0.028
T101418,0.025
T101419,0.0
T101420,0.025
T101421,0.028
T101422,0.0
T101423,0.025
T101424,0.0
T101425,0.03
T101426,0.03
T101427,0.0
T101428,0.0
T101429,0.028
T101430,0.03
T101431,0.0
T101432,0.0
T101433,0.025
T101434,0.028
T101435,0.028
T101436,0.0
T101437,0.0
T101438,0.0
T101439,0.028
T101440,0.028
T101441,0.03
T101442,0.03
T101443,0.03
T101444,0.028
T101445,0.028
T101446,0.03
T101447,0.028
T101448,0.0
T101449,0.03
T101450,0.03
T101451,0.0
T101452,0.028
T101453,0.0
T101454,0.0
T101455,0.03
T101456,0.03
T101457,0.0
T101458,0.0
T101459,0.025
T101460,0.03
T101461,0.0
T101462,0.0
T101463,0.025
T101464,0.0
T101465,0.0
T101466,0.0
T101467,0.028
T101468,0.03
T101469,0.0
T101470,0.025
T101471,0.03
T101472,0.025
T101473,0.03
T101474,0.0
T101475,0.03
T101476,0.03
T101477,0.0
T101478,0.025
T101479,0.028
T101480,0.028
T101481,0.0
T101482,0.025
T101483,0.0
T101484,0.03
T101485,0.0
T101486,0.0
T101487,0.0
T101488,0.03
T101489,0.025
T101490,0.025
T101491,0.03
T101492,0.0
T101493,0.03
T101494,0.03
T101495,0.025
T101496,0.025
T101497,0.0
T101498,0.03
T101499,0.0
T101500,0.025
T101501,0.025
T101502,0.0
T101503,0.03
T101504,0.03
T101505,0.03
T101506,0.0
T101507,0.028
T101508,0.03
T101509,0.0
T101510,0.0
T101511,0.03
T101512,0.0
T101513,0.03
T101514,0.025
T101515,0.03
T101516,0.0
T101517,0.03
T101518,0.025
T101519,0.0
T101520,0.028
T101521,0.03
T101522,0.0
T101523,0.028
T101524,0.028
T101525,0.0
T101526,0.025
T101527,0.03
T101528,0.0
T101529,0.0
T101530,0.03
T101531,0.0
T101532,0.03
T101533,0.025
T101534,0.0
T101535,0.025
T101536,0.03
T101537,0.0
T101538,0.0
T101539,0.03
T101540,0.028
T101541,0.025
T101542,0.028
T101543,0.025
T101544,0.0
T101545,0.028
T101546,0.0
T101547,0.028
T101548,0.028
T101549,0.025
T101550,0.028
T101551,0.03
T101552,0.025
T101553,0.025
T101554,0.03
T101555,0.03
T101556,0.025
T101557,0.028
T101558,0.0
T101559,0.03
T101560,0.025
T101561,0.0
T101562,0.0
T101563,0.0
T101564,0.0
T101565,0.03
T101566,0.03
T101567,0.025
T101568,0.0
T101569,0.028
T101570,0.025
T101571,0.0
T101572,0.0
T101573,0.0
T101574,0.0
T101575,0.0
T101576,0.03
T101577,0.028
T101578,0.0
T101579,0.03
T101580,0.0
T101581,0.03
T101582,0.028
T101583,0.0
T101584,0.0
T101585,0.03
T101586,0.028
T101587,0.0
T101588,0.0
T101589,0.025
T101590,0.028
T101591,0.0
T101592,0.0
T101593,0.0
T101594,0.0
T101595,0.03
T101596,0.028
T101597,0.03
T101598,0.025
T101599,0.025
T101600,0.0
T101601,0.025
T101602,0.03
T101603,0.025
T101604,0.028
T101605,0.025
T101606,0.025
T101607,0.028
T101608,0.0
T101609,0.03
T101610,0.03
T101611,0.03
T101612,0.025
T101613,0.028
T101614,0.03
T101615,0.0
T101616,0.0
T101617,0.03
T101618,0.0
T101619,0.025
T101620,0.0
T101621,0.028
T101622,0.0
T101623,0.03
T101624,0.0
T101625,0.028
T101626,0.025
T101627,0.0
T101628,0.028
T101629,0.025
T101630,0.0
T101631,0.0
T101632,0.025
T101633,0.0
T101634,0.028
T101635,0.025
T101636,0.028
T101637,0.028
T101638,0.025
T101639,0.028
T101640,0.028
T101641,0.0
T101642,0.03
T101643,0.03
T101644,0.0
T101645,0.0
T101646,0.0
T101647,0.0
T101648,0.0
T101649,0.028
T101650,0.03
T101651,0.028
T101652,0.025
T101653,0.028
T101654,0.03
T101655,0.028
T101656,0.0
T101657,0.025
T101658,0.028
T101659,0.03
T101660,0.0
T101661,0.028
T101662,0.028
T101663,0.0
T101664,0.0
T101665,0.03
T101666,0.028
T101667,0.0
T101668,0.0
T101669,0.0
T101670,0.0
T101671,0.028
T101672,0.028
T101673,0.0
T101674,0.025
T101675,0.028
T101676,0.0
T101677,0.0
T101678,0.025
T101679,0.0
T101680,0.03
T101681,0.0
T101682,0.0
T101683,0.028
T101684,0.0
T101685,0.028
T101686,0.0
T101687,0.028
T101688,0.028
T101689,0.03
T101690,0.03
T101691,0.03
T101692,0.03
T101693,0.0
T101694,0.03
T101695,0.025
T101696,0.025
T101697,0.0
T101698,0.0
T101699,0.03
T101700,0.028
T101701,0.028
T101702,0.0
T101703,0.03
T101704,0.03
T101705,0.025
T101706,0.028
T101707,0.0
T101708,0.0
T101709,0.0
T101710,0.028
T101711,0.028
T101712,0.03
T101713,0.028
T101714,0.0
T101715,0.025
T101716,0.0
T101717,0.03
T101718,0.025
T101719,0.025
T101720,0.028
T101721,0.025
T101722,0.0
T101723,0.0
T101724,0.0
T101725,0.03
T101726,0.03
T101727,0.03
T101728,0.03
T101729,0.03
T101730,0.028
T101731,0.03
T101732,0.03
T101733,0.028
T101734,0.03
T101735,0.028
T101736,0.028
T101737,0.0
T101738,0.025
T101739,0.028
T101740,0.025
T101741,0.03
T101742,0.03
T101743,0.0
T101744,0.0
T101745,0.0
T101746,0.0
T101747,0.0
T101748,0.028
T101749,0.0
T101750,0.03
T101751,0.0
T101752,0.0
T101753,0.025
T101754,0.03
T101755,0.025
T101756,0.028
T101757,0.03
T101758,0.028
T101759,0.028
T101760,0.025
T101761,0.03
T101762,0.028
T101763,0.028
T101764,0.028
T101765,0.025
T101766,0.0
T101767,0.028
T101768,0.0
T101769,0.025
T101770,0.025
T101771,0.028
T101772,0.028
T101773,0.0
T101774,0.025
T101775,0.0
T101776,0.0
T101777,0.0
T101778,0.028
T101779,0.0
T101780,0.03
T101781,0.03
T101782,0.025
T101783,0.03
T101784,0.025
T101785,0.0
T101786,0.028
T101787,0.028
T101788,0.03
T101789,0.0
T101790,0.0
T101791,0.03
T101792,0.03
T101793,0.0
T101794,0.0
T101795,0.025
T101796,0.0
T101797,0.025
T101798,0.0
T101799,0.0
T101800,0.028
T101801,0.03
T101802,0.028
T101803,0.028
T101804,0.028
T101805,0.0
T101806,0.0
T101807,0.028
T101808,0.025
T101809,0.0
T101810,0.025
T101811,0.0
T101812,0.025
T101813,0.025
T101814,0.025
T101815,0.0
T101816,0.028
T101817,0.025
T101818,0.025
T101819,0.028
T101820,0.0
T101821,0.0
T101822,0.03
T101823,0.028
T101824,0.028
T101825,0.028
T101826,0.0
T101827,0.025
T101828,0.028
T101829,0.025
T101830,0.025
T101831,0.028
T101832,0.03
T101833,0.028
T101834,0.03
T101835,0.025
T101836,0.028
T101837,0.028
T101838,0.03
T101839,0.03
T101840,0.03
T101841,0.0
T101842,0.03
T101843,0.028
T101844,0.028
T101845,0.028
T101846,0.03
T101847,0.025
T101848,0.03
T101849,0.028
T101850,0.0
T101851,0.03
T101852,0.0
T101853,0.025
T101854,0.03
T101855,0.03
T101856,0.03
T101857,0.028
T101858,0.0
T101859,0.028
T101860,0.0
T101861,0.03
T101862,0.025
T101863,0.025
T101864,0.025
T101865,0.028
T101866,0.0
T101867,0.03
T101868,0.028
T101869,0.03
T101870,0.025
T101871,0.0
T101872,0.0
T101873,0.0
T101874,0.025
T101875,0.0
T101876,0.028
T101877,0.025
T101878,0.028
T101879,0.028
T101880,0.028
T101881,0.028
T101882,0.03
T101883,0.0
T101884,0.0
T101885,0.03
T101886,0.0
T101887,0.0
T101888,0.028
T101889,0.025
T101890,0.03
T101891,0.0
T101892,0.028
T101893,0.03
T101894,0.028
T101895,0.028
T101896,0.03
T101897,0.03
T101898,0.0
T101899,0.03
T101900,0.0
T101901,0.03
T101902,0.0
T101903,0.025
T101904,0.03
T101905,0.03
T101906,0.03
T101907,0.03
T101908,0.025
T101909,0.028
T101910,0.028
T101911,0.0
T101912,0.028
T101913,0.028
T101914,0.03
T101915,0.03
T101916,0.0
T101917,0.028
T101918,0.0
T101919,0.03
T101920,0.025
T101921,0.028
T101922,0.025
T101923,0.028
T101924,0.03
T101925,0.0
T101926,0.025
T101927,0.03
T101928,0.0
T101929,0.0
T101930,0.025
T101931,0.0
T101932,0.028
T101933,0.0
T101934,0.0
T101935,0.025
T101936,0.0
T101937,0.03
T101938,0.028
T101939,0.0
T101940,0.025
T101941,0.028
T101942,0.028
T101943,0.03
T101944,0.0
T101945,0.025
T101946,0.028
T101947,0.025
T101948,0.0
T101949,0.025
T101950,0.0
T101951,0.0
T101952,0.025
T101953,0.028
T101954,0.03
T101955,0.028
T101956,0.03
T101957,0.03
T101958,0.0
T101959,0.03
T101960,0.0
T101961,0.0
T101962,0.028
T101963,0.03
T101964,0.0
T101965,0.028
T101966,0.0
T101967,0.025
T101968,0.0
T101969,0.025
T101970,0.028
T101971,0.028
T101972,0.0
T101973,0.03
T101974,0.0
T101975,0.03
T101976,0.028
T101977,0.025
T101978,0.03
T101979,0.03
T101980,0.0
T101981,0.025
T101982,0.0
T101983,0.028
T101984,0.0
T101985,0.0
T101986,0.03
T101987,0.0
T101988,0.028
T101989,0.025
T101990,0.03
T101991,0.028
T101992,0.0
T101993,0.028
T101994,0.025
T101995,0.025
T101996,0.025
T101997,0.0
T101998,0.0
T101999,0.0
T102000,0.028
T102001,0.028
T102002,0.03
T102003,0.0
T102004,0.0
T102005,0.028
T102006,0.028
T102007,0.0
T102008,0.03
T102009,0.0
T102010,0.028
T102011,0.03
T102012,0.03
T102013,0.03
T102014,0.0
T102015,0.025
T102016,0.03
T102017,0.0
T102018,0.0
T102019,0.0
T102020,0.0
T102021,0.025
T102022,0.03
T102023,0.028
T102024,0.0
T102025,0.03
T102026,0.0
T102027,0.028
T102028,0.03
T102029,0.03
T102030,0.025
T102031,0.0
T102032,0.025
T102033,0.0
T102034,0.025
T102035,0.025
T102036,0.03
T102037,0.03
T102038,0.0
T102039,0.028
T102040,0.028
T102041,0.03
T102042,0.0
T102043,0.03
T102044,0.028
T102045,0.0
T102046,0.0
T102047,0.025
T102048,0.028
T102049,0.0
T102050,0.025
T102051,0.0
T102052,0.0
T102053,0.0
T102054,0.025
T102055,0.0
T102056,0.028
T102057,0.025
T102058,0.028
T102059,0.03
T102060,0.025
T102061,0.03
T102062,0.028
T102063,0.0
T102064,0.025
T102065,0.03
T102066,0.03
T102067,0.025
T102068,0.028
T102069,0.028
T102070,0.0
T102071,0.028
T102072,0.025
T102073,0.0
T102074,0.0
T102075,0.028
T102076,0.0
T102077,0.0
T102078,0.03
T102079,0.03
T102080,0.03
T102081,0.03
T102082,0.03
T102083,0.0
T102084,0.0
T102085,0.028
T102086,0.028
T102087,0.03
T102088,0.0
T102089,0.0
T102090,0.0
T102091,0.0
T102092,0.025
T102093,0.03
T102094,0.028
T102095,0.0
T102096,0.0
T102097,0.03
T102098,0.025
T102099,0.025
T102100,0.028
T102101,0.0
T102102,0.025
T102103,0.025
T102104,0.0
T102105,0.03
T102106,0.028
T102107,0.0
T102108,0.028
T102109,0.0
T102110,0.025
T102111,0.0
T102112,0.0
T102113,0.028
T102114,0.028
T102115,0.028
T102116,0.0
T102117,0.03
T102118,0.025
T102119,0.0
T102120,0.03
T102121,0.0
T102122,0.028
T102123,0.03
T102124,0.0
T102125,0.025
T102126,0.03
T102127,0.0
T102128,0.03
T102129,0.03
T102130,0.025
T102131,0.03
T102132,0.03
T102133,0.0
T102134,0.028
T102135,0.0
T102136,0.025
T102137,0.03
T102138,0.03
T102139,0.028
T102140,0.0
T102141,0.0
T102142,0.028
T102143,0.03
T102144,0.025
T102145,0.025
T102146,0.025
T102147,0.03
T102148,0.025
T102149,0.0
T102150,0.03
T102151,0.028
T102152,0.028
T102153,0.025
T102154,0.028
T102155,0.028
T102156,0.0
T102157,0.0
T102158,0.03
T102159,0.03
T102160,0.03
T102161,0.025
T102162,0.025
T102163,0.0
T102164,0.025
T102165,0.025
T102166,0.028
T102167,0.0
T102168,0.0
T102169,0.025
T102170,0.025
T102171,0.025
T102172,0.0
T102173,0.0
T102174,0.0
T102175,0.03
T102176,0.03
T102177,0.028
T102178,0.0
T102179,0.0
T102180,0.0
T102181,0.028
T102182,0.0
T102183,0.025
T102184,0.0
T102185,0.03
T102186,0.03
T102187,0.028
T102188,0.0
T102189,0.0
T102190,0.025
T102191,0.0
T102192,0.03
T102193,0.0
T102194,0.025
T102195,0.0
T102196,0.025
T102197,0.03
T102198,0.03
T102199,0.0
T102200,0.0
T102201,0.0
T102202,0.03
T102203,0.025
T102204,0.0
T102205,0.03
T102206,0.0
T102207,0.0
T102208,0.025
T102209,0.03
T102210,0.0
T102211,0.0
T102212,0.0
T102213,0.0
T102214,0.025
T102215,0.0
T102216,0.0
T102217,0.0
T102218,0.0
T102219,0.0
T102220,0.0
T102221,0.0
T102222,0.025
T102223,0.025
T102224,0.028
T102225,0.03
T102226,0.03
T102227,0.03
T102228,0.025
T102229,0.028
T102230,0.025
T102231,0.025
T102232,0.028
T102233,0.025
T102234,0.025
T102235,0.0
T102236,0.0
T102237,0.025
T102238,0.03
T102239,0.028
T102240,0.03
T102241,0.03
T102242,0.028
T102243,0.025
T102244,0.0
T102245,0.0
T102246,0.03
T102247,0.03
T102248,0.025
T102249,0.028
T102250,0.03
T102251,0.0
T102252,0.0
T102253,0.0
T102254,0.028
T102255,0.025
T102256,0.028
T102257,0.0
T102258,0.0
T102259,0.028
T102260,0.0
T102261,0.03
T102262,0.03
T102263,0.0
T102264,0.025
T102265,0.025
T102266,0.0
T102267,0.028
T102268,0.0
T102269,0.0
T102270,0.028
T102271,0.0
T102272,0.0
T102273,0.0
T102274,0.03
T102275,0.03
T102276,0.03
T102277,0.028
T102278,0.028
T102279,0.025
T102280,0.03
T102281,0.03
T102282,0.0
T102283,0.0
T102284,0.0
T102285,0.0
T102286,0.0
T102287,0.0
T102288,0.028
T102289,0.028
T102290,0.0
T102291,0.0
T102292,0.0
T102293,0.025
T102294,0.028
T102295,0.028
T102296,0.025
T102297,0.025
T102298,0.025
T102299,0.0
T102300,0.028
T102301,0.0
T102302,0.028
T102303,0.0
T102304,0.0
T102305,0.03
T102306,0.028
T102307,0.025
T102308,0.0
T102309,0.0
T102310,0.0
T102311,0.025
T102312,0.0
T102313,0.03
T102314,0.028
T102315,0.028
T102316,0.025
T102317,0.03
T102318,0.028
T102319,0.03
T102320,0.028
T102321,0.03
T102322,0.025
T102323,0.025
T102324,0.03
T102325,0.0
T102326,0.028
T102327,0.0
T102328,0.025
T102329,0.0
T102330,0.028
T102331,0.025
T102332,0.0
T102333,0.025
T102334,0.0
T102335,0.028
T102336,0.03
T102337,0.0
T102338,0.025
T102339,0.025
T102340,0.028
T102341,0.0
T102342,0.028
T102343,0.025
T102344,0.025
T102345,0.0
T102346,0.0
T102347,0.025
T102348,0.0
T102349,0.028
T102350,0.025
T102351,0.028
T102352,0.025
T102353,0.0
T102354,0.0
T102355,0.028
T102356,0.03
T102357,0.025
T102358,0.03
T102359,0.0
T102360,0.025
T102361,0.028
T102362,0.025
T102363,0.028
T102364,0.0
T102365,0.0
T102366,0.028
T102367,0.03
T102368,0.025
T102369,0.025
T102370,0.025
T102371,0.025
T102372,0.028
T102373,0.0
T102374,0.028
T102375,0.028
T102376,0.0
T102377,0.03
T102378,0.0
T102379,0.0
T102380,0.028
T102381,0.0
T102382,0.03
T102383,0.0
T102384,0.025
T102385,0.03
T102386,0.0
T102387,0.028
T102388,0.028
T102389,0.03
T102390,0.0
T102391,0.0
T102392,0.025
T102393,0.025
T102394,0.0
T102395,0.025
T102396,0.0
T102397,0.028
T102398,0.028
T102399,0.0
T102400,0.0
T102401,0.028
T102402,0.025
T102403,0.025
T102404,0.03
T102405,0.025
T102406,0.028
T102407,0.0
T102408,0.028
T102409,0.025
T102410,0.025
T102411,0.0
T102412,0.0
T102413,0.0
T102414,0.0
T102415,0.025
T102416,0.03
T102417,0.03
T102418,0.0
T102419,0.025
T102420,0.03
T102421,0.025
T102422,0.0
T102423,0.03
T102424,0.028
T102425,0.0
T102426,0.025
T102427,0.025
T102428,0.025
T102429,0.0
T102430,0.025
T102431,0.03
T102432,0.025
T102433,0.0
T102434,0.0
T102435,0.028
T102436,0.03
T102437,0.025
T102438,0.03
T102439,0.025
T102440,0.028
T102441,0.025
T102442,0.03
T102443,0.0
T102444,0.03
T102445,0.0
T102446,0.03
T102447,0.0
T102448,0.025
T102449,0.03
T102450,0.0
T102451,0.03
T102452,0.025
T102453,0.028
T102454,0.028
T102455,0.025
T102456,0.025
T102457,0.03
T102458,0.025
T102459,0.0
T102460,0.0
T102461,0.03
T102462,0.028
T102463,0.025
T102464,0.0
T102465,0.03
T102466,0.025
T102467,0.025
T102468,0.0
T102469,0.0
T102470,0.028
T102471,0.025
T102472,0.0
T102473,0.03
T102474,0.03
T102475,0.03
T102476,0.03
T102477,0.025
T102478,0.03
T102479,0.0
T102480,0.03
T102481,0.028
T102482,0.0
T102483,0.03
T102484,0.028
T102485,0.03
T102486,0.028
T102487,0.0
T102488,0.0
T102489,0.0
T102490,0.0
T102491,0.028
T102492,0.03
T102493,0.0
T102494,0.0
T102495,0.0
T102496,0.025
T102497,0.0
T102498,0.028
T102499,0.028
T102500,0.028
T102501,0.025
T102502,0.0
T102503,0.0
T102504,0.028
T102505,0.025
T102506,0.03
T102507,0.03
T102508,0.0
T102509,0.025
T102510,0.025
T102511,0.0
T102512,0.025
T102513,0.025
T102514,0.03
T102515,0.025
T102516,0.0
T102517,0.03
T102518,0.028
T102519,0.0
T102520,0.03
T102521,0.025
T102522,0.025
T102523,0.03
T102524,0.03
T102525,0.03
T102526,0.03
T102527,0.03
T102528,0.03
T102529,0.028
T102530,0.03
T102531,0.03
T102532,0.028
T102533,0.028
T102534,0.025
T102535,0.0
T102536,0.03
T102537,0.0
T102538,0.025
T102539,0.028
T102540,0.025
T102541,0.028
T102542,0.025
T102543,0.03
T102544,0.0
T102545,0.0
T102546,0.025
T102547,0.025
T102548,0.03
T102549,0.028
T102550,0.0
T102551,0.03
T102552,0.0
T102553,0.0
T102554,0.03
T102555,0.03
T102556,0.028
T102557,0.0
T102558,0.0
T102559,0.0
T102560,0.025
T102561,0.028
T102562,0.028
T102563,0.03
T102564,0.0
T102565,0.0
T102566,0.0
T102567,0.025
T102568,0.028
T102569,0.025
T102570,0.03
T102571,0.03
T102572,0.03
T102573,0.03
T102574,0.0
T102575,0.0
T102576,0.0
T102577,0.0
T102578,0.028
T102579,0.0
T102580,0.025
T102581,0.03
T102582,0.03
T102583,0.0
T102584,0.03
T102585,0.025
T102586,0.03
T102587,0.0
T102588,0.028
T102589,0.025
T102590,0.028
T102591,0.0
T102592,0.03
T102593,0.0
T102594,0.0
T102595,0.0
T102596,0.028
T102597,0.0
T102598,0.03
T102599,0.0
T102600,0.025
T102601,0.0
T102602,0.025
T102603,0.0
T102604,0.025
T102605,0.025
T102606,0.025
T102607,0.028
T102608,0.03
T102609,0.0
T102610,0.03
T102611,0.028
T102612,0.0
T102613,0.028
T102614,0.025
T102615,0.0
T102616,0.025
T102617,0.028
T102618,0.025
T102619,0.0
T102620,0.0
T102621,0.03
T102622,0.03
T102623,0.028
T102624,0.0
T102625,0.03
T102626,0.0
T102627,0.028
T102628,0.028
T102629,0.0
T102630,0.0
T102631,0.03
T102632,0.028
T102633,0.0
T102634,0.028
T102635,0.025
T102636,0.03
T102637,0.0
T102638,0.03
T102639,0.025
T102640,0.03
T102641,0.028
T102642,0.025
T102643,0.0
T102644,0.028
T102645,0.0
T102646,0.025
T102647,0.0
T102648,0.0
T102649,0.03
T102650,0.0
T102651,0.0
T102652,0.028
T102653,0.0
T102654,0.025
T102655,0.03
T102656,0.025
T102657,0.028
T102658,0.028
T102659,0.03
T102660,0.028
T102661,0.025
T102662,0.0
T102663,0.025
T102664,0.025
T102665,0.025
T102666,0.03
T102667,0.03
T102668,0.025
T102669,0.0
T102670,0.028
T102671,0.0
T102672,0.03
T102673,0.028
T102674,0.0
T102675,0.025
T102676,0.028
T102677,0.025
T102678,0.0
T102679,0.03
T102680,0.025
T102681,0.03
T102682,0.025
T102683,0.03
T102684,0.025
T102685,0.0
T102686,0.0
T102687,0.03
T102688,0.03
T102689,0.028
T102690,0.0
T102691,0.028
T102692,0.025
T102693,0.03
T102694,0.0
T102695,0.025
T102696,0.028
T102697,0.0
T102698,0.03
T102699,0.0
T102700,0.025
T102701,0.028
T102702,0.0
T102703,0.028
T102704,0.0
T102705,0.028
T102706,0.03
T102707,0.025
T102708,0.03
T102709,0.03
T102710,0.03
T102711,0.0
T102712,0.0
T102713,0.025
T102714,0.025
T102715,0.025
T102716,0.03
T102717,0.025
T102718,0.03
T102719,0.03
T102720,0.0
T102721,0.0
T102722,0.028
T102723,0.0
T102724,0.028
T102725,0.028
T102726,0.03
T102727,0.0
T102728,0.028
T102729,0.0
T102730,0.03
T102731,0.0
T102732,0.0
T102733,0.025
T102734,0.0
T102735,0.03
T102736,0.0
T102737,0.028
T102738,0.028
T102739,0.03
T102740,0.028
T102741,0.0
T102742,0.028
T102743,0.0
T102744,0.0
T102745,0.028
T102746,0.03
T102747,0.0
T102748,0.03
T102749,0.03
T102750,0.03
T102751,0.03
T102752,0.025
T102753,0.025
T102754,0.0
T102755,0.0
T102756,0.03
T102757,0.025
T102758,0.03
T102759,0.0
T102760,0.03
T102761,0.025
T102762,0.025
T102763,0.028
T102764,0.028
T102765,0.0
T102766,0.0
T102767,0.0
T102768,0.03
T102769,0.0
T102770,0.03
T102771,0.03
T102772,0.0
T102773,0.028
T102774,0.0
T102775,0.028
T102776,0.03
T102777,0.03
T102778,0.028
T102779,0.0
T102780,0.028
T102781,0.025
T102782,0.0
T102783,0.0
T102784,0.03
T102785,0.025
T102786,0.03
T102787,0.03
T102788,0.0
T102789,0.0
T102790,0.0
T102791,0.028
T102792,0.028
T102793,0.025
T102794,0.03
T102795,0.028
T102796,0.0
T102797,0.025
T102798,0.03
T102799,0.0
T102800,0.028
T102801,0.03
T102802,0.025
T102803,0.028
T102804,0.028
T102805,0.025
T102806,0.0
T102807,0.03
T102808,0.0
T102809,0.028
T102810,0.028
T102811,0.0
T102812,0.028
T102813,0.025
T102814,0.025
T102815,0.028
T102816,0.028
T102817,0.03
T102818,0.0
T102819,0.03
T102820,0.0
T102821,0.0
T102822,0.03
T102823,0.028
T102824,0.025
T102825,0.028
T102826,0.03
T102827,0.025
T102828,0.0
T102829,0.0
T102830,0.03
T102831,0.0
T102832,0.0
T102833,0.028
T102834,0.03
T102835,0.0
T102836,0.0
T102837,0.03
T102838,0.028
T102839,0.03
T102840,0.0
T102841,0.03
T102842,0.025
T102843,0.025
T102844,0.025
T102845,0.03
T102846,0.03
T102847,0.028
T102848,0.03
T102849,0.03
T102850,0.0
T102851,0.025
T102852,0.028
T102853,0.0
T102854,0.028
T102855,0.0
T102856,0.0
T102857,0.0
T102858,0.03
T102859,0.03
T102860,0.0
T102861,0.03
T102862,0.0
T102863,0.028
T102864,0.03
T102865,0.0
T102866,0.025
T102867,0.028
T102868,0.028
T102869,0.03
T102870,0.0
T102871,0.0
T102872,0.028
T102873,0.03
T102874,0.0
T102875,0.03
T102876,0.028
T102877,0.025
T102878,0.028
T102879,0.0
T102880,0.03
T102881,0.03
T102882,0.03
T102883,0.025
T102884,0.0
T102885,0.03
T102886,0.0
T102887,0.025
T102888,0.0
T102889,0.0
T102890,0.0
T102891,0.0
T102892,0.03
T102893,0.028
T102894,0.03
T102895,0.03
T102896,0.025
T102897,0.03
T102898,0.0
T102899,0.03
T102900,0.03
T102901,0.0
T102902,0.028
T102903,0.0
T102904,0.025
T102905,0.0
T102906,0.028
T102907,0.0
T102908,0.03
T102909,0.0
T102910,0.0
T102911,0.0
T102912,0.0
T102913,0.0
T102914,0.03
T102915,0.028
T102916,0.03
T102917,0.0
T102918,0.0
T102919,0.028
T102920,0.028
T102921,0.028
T102922,0.028
T102923,0.0
T102924,0.028
T102925,0.025
T102926,0.028
T102927,0.025
T102928,0.028
T102929,0.03
T102930,0.0
T102931,0.025
T102932,0.028
T102933,0.03
T102934,0.025
T102935,0.03
T102936,0.0
T102937,0.025
T102938,0.0
T102939,0.025
T102940,0.028
T102941,0.03
T102942,0.0
T102943,0.028
T102944,0.028
T102945,0.03
T102946,0.028
T102947,0.03
T102948,0.025
T102949,0.03
T102950,0.028
T102951,0.0
T102952,0.025
T102953,0.028
T102954,0.028
T102955,0.0
T102956,0.0
T102957,0.03
T102958,0.025
T102959,0.025
T102960,0.025
T102961,0.028
T102962,0.0
T102963,0.0
T102964,0.028
T102965,0.028
T102966,0.0
T102967,0.028
T102968,0.028
T102969,0.025
T102970,0.0
T102971,0.03
T102972,0.0
T102973,0.0
T102974,0.03
T102975,0.025
T102976,0.028
T102977,0.028
T102978,0.0
T102979,0.0
T102980,0.03
T102981,0.03
T102982,0.025
T102983,0.028
T102984,0.0
T102985,0.03
T102986,0.025
T102987,0.0
T102988,0.0
T102989,0.03
T102990,0.0
T102991,0.0
T102992,0.0
T102993,0.028
T102994,0.025
T102995,0.03
T102996,0.03
T102997,0.025
T102998,0.03
T102999,0.0
T103000,0.03
T103001,0.0
T103002,0.025
T103003,0.0
T103004,0.028
T103005,0.0
T103006,0.03
T103007,0.025
T103008,0.03
T103009,0.0
T103010,0.03
T103011,0.025
T103012,0.0
T103013,0.025
T103014,0.0
T103015,0.028
T103016,0.03
T103017,0.028
T103018,0.0
T103019,0.0
T103020,0.028
T103021,0.03
T103022,0.025
T103023,0.03
T103024,0.03
T103025,0.028
T103026,0.028
T103027,0.0
T103028,0.03
T103029,0.03
T103030,0.028
T103031,0.025
T103032,0.028
T103033,0.0
T103034,0.028
T103035,0.03
T103036,0.03
T103037,0.028
T103038,0.025
T103039,0.025
T103040,0.025
T103041,0.03
T103042,0.025
T103043,0.0
T103044,0.0
T103045,0.0
T103046,0.025
T103047,0.03
T103048,0.0
T103049,0.028
T103050,0.025
T103051,0.028
T103052,0.03
T103053,0.0
T103054,0.028
T103055,0.03
T103056,0.028
T103057,0.025
T103058,0.028
T103059,0.03
T103060,0.025
T103061,0.0
T103062,0.03
T103063,0.0
T103064,0.025
T103065,0.028
T103066,0.03
T103067,0.0
T103068,0.03
T103069,0.0
T103070,0.0
T103071,0.0
T103072,0.0
T103073,0.0
T103074,0.0
T103075,0.0
T103076,0.0
T103077,0.028
T103078,0.025
T103079,0.0
T103080,0.028
T103081,0.0
T103082,0.028
T103083,0.0
T103084,0.025
T103085,0.0
T103086,0.028
T103087,0.028
T103088,0.028
T103089,0.028
T103090,0.028
T103091,0.0
T103092,0.025
T103093,0.0
T103094,0.0
T103095,0.025
T103096,0.0
T103097,0.03
T103098,0.025
T103099,0.025
T103100,0.028
T103101,0.0
T103102,0.03
T103103,0.025
T103104,0.025
T103105,0.025
T103106,0.03
T103107,0.03
T103108,0.0
T103109,0.0
T103110,0.0
T103111,0.0
T103112,0.0
T103113,0.025
T103114,0.025
T103115,0.028
T103116,0.025
T103117,0.028
T103118,0.028
T103119,0.0
T103120,0.03
T103121,0.0
T103122,0.0
T103123,0.0
T103124,0.0
T103125,0.025
T103126,0.0
T103127,0.028
T103128,0.03
T103129,0.0
T103130,0.025
T103131,0.028
T103132,0.0
T103133,0.0
T103134,0.028
T103135,0.025
T103136,0.028
T103137,0.025
T103138,0.03
T103139,0.0
T103140,0.03
T103141,0.0
T103142,0.03
T103143,0.025
T103144,0.025
T103145,0.0
T103146,0.025
T103147,0.028
T103148,0.025
T103149,0.025
T103150,0.028
T103151,0.03
T103152,0.028
T103153,0.0
T103154,0.03
T103155,0.0
T103156,0.0
T103157,0.03
T103158,0.025
T103159,0.025
T103160,0.0
T103161,0.0
T103162,0.03
T103163,0.0
T103164,0.025
T103165,0.03
T103166,0.0
T103167,0.0
T103168,0.0
T103169,0.0
T103170,0.0
T103171,0.028
T103172,0.03
T103173,0.028
T103174,0.028
T103175,0.028
T103176,0.03
T103177,0.028
T103178,0.03
T103179,0.025
T103180,0.025
T103181,0.03
T103182,0.028
T103183,0.0
T103184,0.03
T103185,0.03
T103186,0.028
T103187,0.0
T103188,0.025
T103189,0.025
T103190,0.028
T103191,0.0
T103192,0.0
T103193,0.025
T103194,0.028
T103195,0.025
T103196,0.0
T103197,0.03
T103198,0.028
T103199,0.0
T103200,0.025
T103201,0.03
T103202,0.0
T103203,0.028
T103204,0.03
T103205,0.0
T103206,0.0
T103207,0.03
T103208,0.03
T103209,0.025
T103210,0.0
T103211,0.025
T103212,0.0
T103213,0.03
T103214,0.0
T103215,0.028
T103216,0.0
T103217,0.0
T103218,0.025
T103219,0.03
T103220,0.025
T103221,0.0
T103222,0.03
T103223,0.025
T103224,0.03
T103225,0.0
T103226,0.025
T103227,0.0
T103228,0.028
T103229,0.028
T103230,0.028
T103231,0.0
T103232,0.03
T103233,0.0
T103234,0.0
T103235,0.028
T103236,0.028
T103237,0.03
T103238,0.028
T103239,0.03
T103240,0.0
T103241,0.03
T103242,0.0
T103243,0.0
T103244,0.03
T103245,0.0
T103246,0.028
T103247,0.03
T103248,0.0
T103249,0.0
T103250,0.03
T103251,0.025
T103252,0.0
T103253,0.028
T103254,0.028
T103255,0.025
T103256,0.028
T103257,0.0
T103258,0.03
T103259,0.0
T103260,0.025
T103261,0.03
T103262,0.025
T103263,0.0
T103264,0.0
T103265,0.025
T103266,0.0
T103267,0.025
T103268,0.025
T103269,0.025
T103270,0.028
T103271,0.025
T103272,0.03
T103273,0.03
T103274,0.0
T103275,0.025
T103276,0.0
T103277,0.0
T103278,0.028
T103279,0.028
T103280,0.0
T103281,0.025
T103282,0.0
T103283,0.028
T103284,0.028
T103285,0.0
T103286,0.025
T103287,0.0
T103288,0.0
T103289,0.03
T103290,0.0
T103291,0.025
T103292,0.028
T103293,0.0
T103294,0.0
T103295,0.025
T103296,0.03
T103297,0.03
T103298,0.028
T103299,0.028
T103300,0.0
T103301,0.03
T103302,0.0
T103303,0.028
T103304,0.0
T103305,0.025
T103306,0.03
T103307,0.03
T103308,0.03
T103309,0.03
T103310,0.0
T103311,0.028
T103312,0.028
T103313,0.0
T103314,0.0
T103315,0.03
T103316,0.03
T103317,0.028
T103318,0.0
T103319,0.03
T103320,0.028
T103321,0.03
T103322,0.0
T103323,0.0
T103324,0.028
T103325,0.03
T103326,0.03
T103327,0.025
T103328,0.025
T103329,0.028
T103330,0.028
T103331,0.0
T103332,0.025
T103333,0.025
T103334,0.0
T103335,0.025
T103336,0.025
T103337,0.028
T103338,0.0
T103339,0.025
T103340,0.0
T103341,0.0
T103342,0.028
T103343,0.028
T103344,0.03
T103345,0.03
T103346,0.0
T103347,0.0
T103348,0.028
T103349,0.0
T103350,0.03
T103351,0.0
T103352,0.0
T103353,0.03
T103354,0.03
T103355,0.0
T103356,0.028
T103357,0.025
T103358,0.025
T103359,0.028
T103360,0.025
T103361,0.025
T103362,0.025
T103363,0.03
T103364,0.028
T103365,0.0
T103366,0.03
T103367,0.0
T103368,0.025
T103369,0.03
T103370,0.03
T103371,0.03
T103372,0.03
T103373,0.0
T103374,0.028
T103375,0.0
T103376,0.0
T103377,0.03
T103378,0.03
T103379,0.0
T103380,0.028
T103381,0.028
T103382,0.028
T103383,0.028
T103384,0.03
T103385,0.025
T103386,0.0
T103387,0.0
T103388,0.03
T103389,0.025
T103390,0.0
T103391,0.03
T103392,0.025
T103393,0.028
T103394,0.0
T103395,0.025
T103396,0.025
T103397,0.03
T103398,0.0
T103399,0.03
T103400,0.0
T103401,0.03
T103402,0.028
T103403,0.025
T103404,0.025
T103405,0.028
T103406,0.03
T103407,0.025
T103408,0.03
T103409,0.0
T103410,0.0
T103411,0.028
T103412,0.0
T103413,0.025
T103414,0.0
T103415,0.025
T103416,0.028
T103417,0.03
T103418,0.028
T103419,0.028
T103420,0.025
T103421,0.028
T103422,0.0
T103423,0.028
T103424,0.025
T103425,0.0
T103426,0.0
T103427,0.0
T103428,0.0
T103429,0.03
T103430,0.028
T103431,0.025
T103432,0.0
T103433,0.0
T103434,0.03
T103435,0.03
T103436,0.03
T103437,0.028
T103438,0.025
T103439,0.03
T103440,0.025
T103441,0.0
T103442,0.03
T103443,0.025
T103444,0.03
T103445,0.03
T103446,0.025
T103447,0.025
T103448,0.0
T103449,0.0
T103450,0.03
T103451,0.028
T103452,0.03
T103453,0.028
T103454,0.03
T103455,0.0
T103456,0.0
T103457,0.0
T103458,0.025
T103459,0.0
T103460,0.0
T103461,0.03
T103462,0.028
T103463,0.0
T103464,0.0
T103465,0.028
T103466,0.03
T103467,0.0
T103468,0.0
T103469,0.025
T103470,0.028
T103471,0.0
T103472,0.025
T103473,0.025
T103474,0.028
T103475,0.03
T103476,0.03
T103477,0.028
T103478,0.028
T103479,0.03
T103480,0.0
T103481,0.03
T103482,0.03
T103483,0.03
T103484,0.03
T103485,0.025
T103486,0.0
T103487,0.025
T103488,0.0
T103489,0.0
T103490,0.025
T103491,0.025
T103492,0.025
T103493,0.0
T103494,0.03
T103495,0.03
T103496,0.025
T103497,0.03
T103498,0.0
T103499,0.025
T103500,0.03
T103501,0.025
T103502,0.0
T103503,0.0
T103504,0.03
T103505,0.0
T103506,0.025
T103507,0.03
T103508,0.03
T103509,0.0
T103510,0.0
T103511,0.0
T103512,0.03
T103513,0.0
T103514,0.025
T103515,0.028
T103516,0.025
T103517,0.025
T103518,0.025
T103519,0.025
T103520,0.0
T103521,0.028
T103522,0.025
T103523,0.0
T103524,0.025
T103525,0.025
T103526,0.03
T103527,0.0
T103528,0.03
T103529,0.0
T103530,0.0
T103531,0.0
T103532,0.03
T103533,0.025
T103534,0.025
T103535,0.0
T103536,0.03
T103537,0.028
T103538,0.0
T103539,0.028
T103540,0.025
T103541,0.025
T103542,0.025
T103543,0.028
T103544,0.0
T103545,0.03
T103546,0.0
T103547,0.025
T103548,0.0
T103549,0.025
T103550,0.025
T103551,0.028
T103552,0.03
T103553,0.025
T103554,0.028
T103555,0.0
T103556,0.025
T103557,0.0
T103558,0.028
T103559,0.025
T103560,0.0
T103561,0.028
T103562,0.03
T103563,0.0
T103564,0.03
T103565,0.03
T103566,0.0
T103567,0.028
T103568,0.025
T103569,0.028
T103570,0.03
T103571,0.0
T103572,0.028
T103573,0.0
T103574,0.025
T103575,0.03
T103576,0.028
T103577,0.0
T103578,0.03
T103579,0.028
T103580,0.03
T103581,0.028
T103582,0.028
T103583,0.03
T103584,0.028
T103585,0.025
T103586,0.0
T103587,0.03
T103588,0.03
T103589,0.03
T103590,0.0
T103591,0.028
T103592,0.0
T103593,0.03
T103594,0.0
T103595,0.028
T103596,0.028
T103597,0.0
T103598,0.028
T103599,0.025
T103600,0.0
T103601,0.03
T103602,0.028
T103603,0.03
T103604,0.03
T103605,0.025
T103606,0.028
T103607,0.0
T103608,0.03
T103609,0.0
T103610,0.03
T103611,0.025
T103612,0.0
T103613,0.0
T103614,0.028
T103615,0.0
T103616,0.0
T103617,0.0
T103618,0.028
T103619,0.025
T103620,0.028
T103621,0.0
T103622,0.025
T103623,0.03
T103624,0.03
T103625,0.0
T103626,0.0
T103627,0.028
T103628,0.025
T103629,0.03
T103630,0.0
T103631,0.0
T103632,0.0
T103633,0.0
T103634,0.03
T103635,0.025
T103636,0.025
T103637,0.0
T103638,0.025
T103639,0.025
T103640,0.025
T103641,0.0
T103642,0.0
T103643,0.03
T103644,0.0
T103645,0.025
T103646,0.028
T103647,0.028
T103648,0.03
T103649,0.028
T103650,0.0
T103651,0.025
T103652,0.0
T103653,0.028
T103654,0.028
T103655,0.03
T103656,0.028
T103657,0.0
T103658,0.025
T103659,0.028
T103660,0.025
T103661,0.0
T103662,0.028
T103663,0.0
T103664,0.0
T103665,0.025
T103666,0.0
T103667,0.0
T103668,0.028
T103669,0.028
T103670,0.0
T103671,0.025
T103672,0.03
T103673,0.03
T103674,0.025
T103675,0.0
T103676,0.0
T103677,0.025
T103678,0.028
T103679,0.0
T103680,0.028
T103681,0.0
T103682,0.03
T103683,0.028
T103684,0.025
T103685,0.028
T103686,0.03
T103687,0.028
T103688,0.025
T103689,0.0
T103690,0.025
T103691,0.025
T103692,0.03
T103693,0.0
T103694,0.028
T103695,0.03
T103696,0.03
T103697,0.028
T103698,0.03
T103699,0.028
T103700,0.0
T103701,0.0
T103702,0.03
T103703,0.028
T103704,0.03
T103705,0.0
T103706,0.025
T103707,0.028
T103708,0.028
T103709,0.0
T103710,0.03
T103711,0.0
T103712,0.0
T103713,0.028
T103714,0.03
T103715,0.028
T103716,0.025
T103717,0.025
T103718,0.03
T103719,0.028
T103720,0.0
T103721,0.025
T103722,0.0
T103723,0.0
T103724,0.028
T103725,0.0
T103726,0.025
T103727,0.0
T103728,0.0
T103729,0.025
T103730,0.028
T103731,0.0
T103732,0.03
T103733,0.025
T103734,0.028
T103735,0.028
T103736,0.0
T103737,0.0
T103738,0.025
T103739,0.025
T103740,0.0
T103741,0.028
T103742,0.025
T103743,0.0
T103744,0.025
T103745,0.0
T103746,0.025
T103747,0.0
T103748,0.03
T103749,0.025
T103750,0.0
T103751,0.025
T103752,0.0
T103753,0.03
T103754,0.025
T103755,0.0
T103756,0.028
T103757,0.0
T103758,0.03
T103759,0.0
T103760,0.03
T103761,0.0
T103762,0.028
T103763,0.0
T103764,0.0
T103765,0.028
T103766,0.0
T103767,0.028
T103768,0.025
T103769,0.03
T103770,0.0
T103771,0.025
T103772,0.025
T103773,0.0
T103774,0.028
T103775,0.03
T103776,0.0
T103777,0.0
T103778,0.028
T103779,0.0
T103780,0.0
T103781,0.0
T103782,0.028
T103783,0.03
T103784,0.0
T103785,0.025
T103786,0.03
T103787,0.03
T103788,0.028
T103789,0.03
T103790,0.0
T103791,0.03
T103792,0.0
T103793,0.0
T103794,0.0
T103795,0.028
T103796,0.03
T103797,0.0
T103798,0.0
T103799,0.0
T103800,0.028
T103801,0.03
T103802,0.025
T103803,0.025
T103804,0.025
T103805,0.028
T103806,0.025
T103807,0.03
T103808,0.0
T103809,0.025
T103810,0.028
T103811,0.0
T103812,0.028
T103813,0.025
T103814,0.03
T103815,0.028
T103816,0.03
T103817,0.0
T103818,0.0
T103819,0.0
T103820,0.0
T103821,0.03
T103822,0.028
T103823,0.028
T103824,0.0
T103825,0.03
T103826,0.028
T103827,0.03
T103828,0.03
T103829,0.0
T103830,0.025
T103831,0.0
T103832,0.0
T103833,0.0
T103834,0.0
T103835,0.0
T103836,0.0
T103837,0.028
T103838,0.0
T103839,0.028
T103840,0.025
T103841,0.0
T103842,0.028
T103843,0.025
T103844,0.0
T103845,0.0
T103846,0.0
T103847,0.03
T103848,0.025
T103849,0.0
T103850,0.0
T103851,0.0
T103852,0.03
T103853,0.025
T103854,0.025
T103855,0.025
T103856,0.025
T103857,0.028
T103858,0.03
T103859,0.028
T103860,0.028
T103861,0.025
T103862,0.0
T103863,0.028
T103864,0.028
T103865,0.028
T103866,0.0
T103867,0.0
T103868,0.0
T103869,0.0
T103870,0.0
T103871,0.028
T103872,0.03
T103873,0.025
T103874,0.025
T103875,0.0
T103876,0.0
T103877,0.025
T103878,0.025
T103879,0.03
T103880,0.025
T103881,0.0
T103882,0.0
T103883,0.0
T103884,0.025
T103885,0.028
T103886,0.03
T103887,0.0
T103888,0.028
T103889,0.03
T103890,0.03
T103891,0.028
T103892,0.028
T103893,0.0
T103894,0.0
T103895,0.0
T103896,0.0
T103897,0.0
T103898,0.03
T103899,0.0
T103900,0.03
T103901,0.0
T103902,0.03
T103903,0.0
T103904,0.025
T103905,0.025
T103906,0.0
T103907,0.025
T103908,0.0
T103909,0.025
T103910,0.0
T103911,0.0
T103912,0.0
T103913,0.028
T103914,0.03
T103915,0.028
T103916,0.0
T103917,0.028
T103918,0.03
T103919,0.025
T103920,0.0
T103921,0.028
T103922,0.0
T103923,0.0
T103924,0.025
T103925,0.0
T103926,0.025
T103927,0.025
T103928,0.0
T103929,0.028
T103930,0.025
T103931,0.025
T103932,0.0
T103933,0.028
T103934,0.03
T103935,0.03
T103936,0.028
T103937,0.025
T103938,0.0
T103939,0.025
T103940,0.0
T103941,0.028
T103942,0.028
T103943,0.028
T103944,0.03
T103945,0.028
T103946,0.0
T103947,0.03
T103948,0.0
T103949,0.0
T103950,0.025
T103951,0.025
T103952,0.0
T103953,0.028
T103954,0.028
T103955,0.0
T103956,0.03
T103957,0.025
T103958,0.0
T103959,0.03
T103960,0.025
T103961,0.0
T103962,0.0
T103963,0.03
T103964,0.025
T103965,0.03
T103966,0.0
T103967,0.0
T103968,0.0
T103969,0.0
T103970,0.03
T103971,0.0
T103972,0.0
T103973,0.0
T103974,0.03
T103975,0.03
T103976,0.03
T103977,0.03
T103978,0.0
T103979,0.03
T103980,0.025
T103981,0.0
T103982,0.0
T103983,0.025
T103984,0.0
T103985,0.028
T103986,0.0
T103987,0.025
T103988,0.0
T103989,0.025
T103990,0.0
T103991,0.025
T103992,0.028
T103993,0.025
T103994,0.028
T103995,0.03
T103996,0.025
T103997,0.03
T103998,0.025
T103999,0.0
T104000,0.028
T104001,0.0
T104002,0.03
T104003,0.025
T104004,0.0
T104005,0.03
T104006,0.025
T104007,0.028
T104008,0.025
T104009,0.0
T104010,0.025
T104011,0.025
T104012,0.03
T104013,0.03
T104014,0.03
T104015,0.0
T104016,0.0
T104017,0.03
T104018,0.03
T104019,0.025
T104020,0.0
T104021,0.0
T104022,0.0
T104023,0.0
T104024,0.028
T104025,0.03
T104026,0.0
T104027,0.0
T104028,0.0
T104029,0.0
T104030,0.0
T104031,0.0
T104032,0.025
T104033,0.0
T104034,0.03
T104035,0.028
T104036,0.03
T104037,0.025
T104038,0.025
T104039,0.025
T104040,0.025
T104041,0.03
T104042,0.0
T104043,0.03
T104044,0.03
T104045,0.03
T104046,0.03
T104047,0.0
T104048,0.025
T104049,0.0
T104050,0.0
T104051,0.028
T104052,0.025
T104053,0.0
T104054,0.0
T104055,0.028
T104056,0.0
T104057,0.0
T104058,0.028
T104059,0.028
T104060,0.03
T104061,0.03
T104062,0.0
T104063,0.0
T104064,0.025
T104065,0.0
T104066,0.025
T104067,0.03
T104068,0.0
T104069,0.03
T104070,0.03
T104071,0.0
T104072,0.0
T104073,0.03
T104074,0.025
T104075,0.03
T104076,0.025
T104077,0.025
T104078,0.03
T104079,0.0
T104080,0.028
T104081,0.025
T104082,0.028
T104083,0.0
T104084,0.028
T104085,0.0
T104086,0.0
T104087,0.028
T104088,0.0
T104089,0.028
T104090,0.028
T104091,0.028
T104092,0.0
T104093,0.03
T104094,0.025
T104095,0.03
T104096,0.025
T104097,0.028
T104098,0.028
T104099,0.03
T104100,0.0
T104101,0.0
T104102,0.0
T104103,0.03
T104104,0.0
T104105,0.0
T104106,0.025
T104107,0.0
T104108,0.028
T104109,0.025
T104110,0.03
T104111,0.0
T104112,0.03
T104113,0.03
T104114,0.0
T104115,0.0
T104116,0.025
T104117,0.025
T104118,0.028
T104119,0.025
T104120,0.03
T104121,0.0
T104122,0.028
T104123,0.028
T104124,0.028
T104125,0.0
T104126,0.025
T104127,0.0
T104128,0.0
T104129,0.028
T104130,0.025
T104131,0.025
T104132,0.025
T104133,0.0
T104134,0.0
T104135,0.0
T104136,0.0
T104137,0.025
T104138,0.03
T104139,0.03
T104140,0.0
T104141,0.028
T104142,0.03
T104143,0.028
T104144,0.028
T104145,0.028
T104146,0.0
T104147,0.0
T104148,0.025
T104149,0.028
T104150,0.025
T104151,0.0
T104152,0.0
T104153,0.03
T104154,0.03
T104155,0.0
T104156,0.03
T104157,0.028
T104158,0.0
T104159,0.025
T104160,0.0
T104161,0.03
T104162,0.025
T104163,0.03
T104164,0.028
T104165,0.03
T104166,0.025
T104167,0.025
T104168,0.025
T104169,0.03
T104170,0.0
T104171,0.0
T104172,0.028
T104173,0.0
T104174,0.028
T104175,0.025
T104176,0.03
T104177,0.03
T104178,0.03
T104179,0.0
T104180,0.0
T104181,0.025
T104182,0.025
T104183,0.0
T104184,0.0
T104185,0.0
T104186,0.0
T104187,0.0
T104188,0.0
T104189,0.0
T104190,0.025
T104191,0.025
T104192,0.028
T104193,0.0
T104194,0.03
T104195,0.03
T104196,0.0
T104197,0.03
T104198,0.028
T104199,0.0
T104200,0.0
T104201,0.03
T104202,0.0
T104203,0.025
T104204,0.0
T104205,0.03
T104206,0.025
T104207,0.03
T104208,0.03
T104209,0.03
T104210,0.028
T104211,0.028
T104212,0.0
T104213,0.025
T104214,0.025
T104215,0.03
T104216,0.0
T104217,0.03
T104218,0.025
T104219,0.03
T104220,0.028
T104221,0.028
T104222,0.025
T104223,0.028
T104224,0.03
T104225,0.0
T104226,0.025
T104227,0.03
T104228,0.0
T104229,0.025
T104230,0.025
T104231,0.025
T104232,0.03
T104233,0.028
T104234,0.025
T104235,0.028
T104236,0.025
T104237,0.0
T104238,0.028
T104239,0.028
T104240,0.03
T104241,0.0
T104242,0.025
T104243,0.03
T104244,0.03
T104245,0.025
T104246,0.03
T104247,0.025
T104248,0.0
T104249,0.0
T104250,0.03
T104251,0.0
T104252,0.025
T104253,0.0
T104254,0.025
T104255,0.025
T104256,0.03
T104257,0.03
T104258,0.03
T104259,0.03
T104260,0.0
T104261,0.0
T104262,0.025
T104263,0.028
T104264,0.025
T104265,0.03
T104266,0.0
T104267,0.0
T104268,0.025
T104269,0.028
T104270,0.025
T104271,0.025
T104272,0.028
T104273,0.03
T104274,0.03
T104275,0.025
T104276,0.0
T104277,0.028
T104278,0.03
T104279,0.0
T104280,0.028
T104281,0.03
T104282,0.0
T104283,0.03
T104284,0.0
T104285,0.025
T104286,0.03
T104287,0.0
T104288,0.0
T104289,0.028
T104290,0.0
T104291,0.0
T104292,0.03
T104293,0.025
T104294,0.025
T104295,0.0
T104296,0.03
T104297,0.0
T104298,0.028
T104299,0.025
T104300,0.028
T104301,0.03
T104302,0.0
T104303,0.028
T104304,0.025
T104305,0.03
T104306,0.03
T104307,0.028
T104308,0.025
T104309,0.028
T104310,0.03
T104311,0.0
T104312,0.0
T104313,0.0
T104314,0.028
T104315,0.03
T104316,0.0
T104317,0.0
T104318,0.025
T104319,0.025
T104320,0.025
T104321,0.028
T104322,0.025
T104323,0.03
T104324,0.028
T104325,0.0
T104326,0.025
T104327,0.03
T104328,0.0
T104329,0.0
T104330,0.028
T104331,0.025
T104332,0.0
T104333,0.025
T104334,0.0
T104335,0.0
T104336,0.028
T104337,0.0
T104338,0.03
T104339,0.03
T104340,0.025
T104341,0.0
T104342,0.025
T104343,0.025
T104344,0.0
T104345,0.025
T104346,0.025
T104347,0.0
T104348,0.03
T104349,0.0
T104350,0.0
T104351,0.028
T104352,0.0
T104353,0.028
T104354,0.025
T104355,0.028
T104356,0.025
T104357,0.03
T104358,0.025
T104359,0.03
T104360,0.025
T104361,0.0
T104362,0.025
T104363,0.0
T104364,0.028
T104365,0.025
T104366,0.0
T104367,0.03
T104368,0.028
T104369,0.0
T104370,0.03
T104371,0.025
T104372,0.0
T104373,0.0
T104374,0.03
T104375,0.025
T104376,0.0
T104377,0.028
T104378,0.0
T104379,0.0
T104380,0.028
T104381,0.025
T104382,0.0
T104383,0.03
T104384,0.0
T104385,0.028
T104386,0.0
T104387,0.028
T104388,0.0
T104389,0.0
T104390,0.025
T104391,0.0
T104392,0.03
T104393,0.028
T104394,0.0
T104395,0.03
T104396,0.0
T104397,0.025
T104398,0.0
T104399,0.028
T104400,0.028
T104401,0.0
T104402,0.0
T104403,0.028
T104404,0.03
T104405,0.0
T104406,0.03
T104407,0.028
T104408,0.025
T104409,0.028
T104410,0.025
T104411,0.028
T104412,0.0
T104413,0.028
T104414,0.0
T104415,0.028
T104416,0.025
T104417,0.03
T104418,0.028
T104419,0.025
T104420,0.025
T104421,0.025
T104422,0.0
T104423,0.025
T104424,0.028
T104425,0.028
T104426,0.025
T104427,0.025
T104428,0.0
T104429,0.028
T104430,0.028
T104431,0.025
T104432,0.028
T104433,0.0
T104434,0.025
T104435,0.0
T104436,0.0
T104437,0.025
T104438,0.03
T104439,0.0
T104440,0.025
T104441,0.025
T104442,0.03
T104443,0.028
T104444,0.0
T104445,0.0
T104446,0.025
T104447,0.0
T104448,0.025
T104449,0.03
T104450,0.03
T104451,0.03
T104452,0.03
T104453,0.025
T104454,0.0
T104455,0.028
T104456,0.03
T104457,0.03
T104458,0.03
T104459,0.03
T104460,0.025
T104461,0.03
T104462,0.0
T104463,0.0
T104464,0.028
T104465,0.03
T104466,0.03
T104467,0.025
T104468,0.03
T104469,0.03
T104470,0.0
T104471,0.03
T104472,0.025
T104473,0.03
T104474,0.03
T104475,0.025
T104476,0.0
T104477,0.0
T104478,0.03
T104479,0.03
T104480,0.025
T104481,0.03
T104482,0.025
T104483,0.028
T104484,0.025
T104485,0.0
T104486,0.0
T104487,0.0
T104488,0.0
T104489,0.0
T104490,0.03
T104491,0.0
T104492,0.025
T104493,0.025
T104494,0.025
T104495,0.03
T104496,0.0
T104497,0.0
T104498,0.0
T104499,0.03
T104500,0.0
T104501,0.028
T104502,0.03
T104503,0.028
T104504,0.03
T104505,0.028
T104506,0.0
T104507,0.025
T104508,0.03
T104509,0.0
T104510,0.028
T104511,0.0
T104512,0.03
T104513,0.0
T104514,0.028
T104515,0.0
T104516,0.0
T104517,0.03
T104518,0.0
T104519,0.0
T104520,0.0
T104521,0.028
T104522,0.0
T104523,0.028
T104524,0.0
T104525,0.03
T104526,0.03
T104527,0.025
T104528,0.0
T104529,0.03
T104530,0.028
T104531,0.0
T104532,0.03
T104533,0.028
T104534,0.028
T104535,0.028
T104536,0.028
T104537,0.03
T104538,0.028
T104539,0.025
T104540,0.03
T104541,0.0
T104542,0.028
T104543,0.03
T104544,0.03
T104545,0.0
T104546,0.028
T104547,0.0
T104548,0.0
T104549,0.025
T104550,0.0
T104551,0.028
T104552,0.03
T104553,0.028
T104554,0.0
T104555,0.0
T104556,0.025
T104557,0.03
T104558,0.0
T104559,0.025
T104560,0.025
T104561,0.0
T104562,0.0
T104563,0.025
T104564,0.028
T104565,0.03
T104566,0.028
T104567,0.028
T104568,0.025
T104569,0.025
T104570,0.025
T104571,0.0
T104572,0.028
T104573,0.0
T104574,0.0
T104575,0.028
T104576,0.0
T104577,0.025
T104578,0.025
T104579,0.0
T104580,0.0
T104581,0.03
T104582,0.028
T104583,0.0
T104584,0.025
T104585,0.0
T104586,0.0
T104587,0.03
T104588,0.0
T104589,0.025
T104590,0.028
T104591,0.0
T104592,0.03
T104593,0.028
T104594,0.028
T104595,0.028
T104596,0.0
T104597,0.028
T104598,0.0
T104599,0.025
T104600,0.0
T104601,0.03
T104602,0.0
T104603,0.028
T104604,0.0
T104605,0.028
T104606,0.028
T104607,0.03
T104608,0.0
T104609,0.025
T104610,0.03
T104611,0.0
T104612,0.025
T104613,0.028
T104614,0.025
T104615,0.03
T104616,0.0
T104617,0.03
T104618,0.03
T104619,0.028
T104620,0.025
T104621,0.0
T104622,0.03
T104623,0.0
T104624,0.025
T104625,0.03
T104626,0.028
T104627,0.03
T104628,0.03
T104629,0.028
T104630,0.0
T104631,0.028
T104632,0.028
T104633,0.03
T104634,0.028
T104635,0.03
T104636,0.03
T104637,0.0
T104638,0.03
T104639,0.0
T104640,0.03
T104641,0.025
T104642,0.03
T104643,0.028
T104644,0.028
T104645,0.03
T104646,0.025
T104647,0.03
T104648,0.0
T104649,0.025
T104650,0.028
T104651,0.025
T104652,0.03
T104653,0.025
T104654,0.03
T104655,0.028
T104656,0.0
T104657,0.0
T104658,0.0
T104659,0.03
T104660,0.028
T104661,0.025
T104662,0.0
T104663,0.03
T104664,0.028
T104665,0.025
T104666,0.03
T104667,0.03
T104668,0.025
T104669,0.025
T104670,0.0
T104671,0.03
T104672,0.03
T104673,0.03
T104674,0.028
T104675,0.0
T104676,0.0
T104677,0.03
T104678,0.025
T104679,0.025
T104680,0.028
T104681,0.028
T104682,0.03
T104683,0.025
T104684,0.028
T104685,0.0
T104686,0.0
T104687,0.0
T104688,0.0
T104689,0.028
T104690,0.0
T104691,0.028
T104692,0.025
T104693,0.0
T104694,0.028
T104695,0.025
T104696,0.028
T104697,0.0
T104698,0.025
T104699,0.025
T104700,0.028
T104701,0.0
T104702,0.0
T104703,0.03
T104704,0.025
T104705,0.028
T104706,0.0
T104707,0.0
T104708,0.028
T104709,0.0
T104710,0.028
T104711,0.028
T104712,0.028
T104713,0.0
T104714,0.03
T104715,0.025
T104716,0.025
T104717,0.03
T104718,0.0
T104719,0.03
T104720,0.0
T104721,0.025
T104722,0.025
T104723,0.025
T104724,0.03
T104725,0.028
T104726,0.0
T104727,0.03
T104728,0.0
T104729,0.028
T104730,0.0
T104731,0.0
T104732,0.0
T104733,0.028
T104734,0.0
T104735,0.03
T104736,0.0
T104737,0.0
T104738,0.03
T104739,0.0
T104740,0.0
T104741,0.03
T104742,0.0
T104743,0.0
T104744,0.025
T104745,0.028
T104746,0.025
T104747,0.0
T104748,0.025
T104749,0.03
T104750,0.025
T104751,0.028
T104752,0.03
T104753,0.028
T104754,0.03
T104755,0.0
T104756,0.03
T104757,0.03
T104758,0.028
T104759,0.03
T104760,0.025
T104761,0.025
T104762,0.028
T104763,0.028
T104764,0.028
T104765,0.028
T104766,0.028
T104767,0.0
T104768,0.028
T104769,0.025
T104770,0.025
T104771,0.028
T104772,0.025
T104773,0.028
T104774,0.0
T104775,0.03
T104776,0.0
T104777,0.03
T104778,0.03
T104779,0.028
T104780,0.0
T104781,0.028
T104782,0.0
T104783,0.025
T104784,0.0
T104785,0.0
T104786,0.025
T104787,0.028
T104788,0.025
T104789,0.028
T104790,0.025
T104791,0.025
T104792,0.03
T104793,0.03
T104794,0.028
T104795,0.028
T104796,0.025
T104797,0.0
T104798,0.028
T104799,0.025
T104800,0.028
T104801,0.0
T104802,0.028
T104803,0.03
T104804,0.0
T104805,0.0
T104806,0.028
T104807,0.028
T104808,0.03
T104809,0.028
T104810,0.0
T104811,0.0
T104812,0.03
T104813,0.028
T104814,0.03
T104815,0.025
T104816,0.03
T104817,0.0
T104818,0.03
T104819,0.025
T104820,0.03
T104821,0.0
T104822,0.03
T104823,0.0
T104824,0.025
T104825,0.025
T104826,0.028
T104827,0.03
T104828,0.025
T104829,0.0
T104830,0.0
T104831,0.03
T104832,0.0
T104833,0.0
T104834,0.025
T104835,0.028
T104836,0.03
T104837,0.028
T104838,0.03
T104839,0.0
T104840,0.0
T104841,0.025
T104842,0.0
T104843,0.0
T104844,0.03
T104845,0.028
T104846,0.03
T104847,0.028
T104848,0.0
T104849,0.028
T104850,0.028
T104851,0.025
T104852,0.03
T104853,0.03
T104854,0.025
T104855,0.0
T104856,0.028
T104857,0.03
T104858,0.03
T104859,0.03
T104860,0.028
T104861,0.025
T104862,0.03
T104863,0.025
T104864,0.0
T104865,0.0
T104866,0.025
T104867,0.03
T104868,0.0
T104869,0.028
T104870,0.025
T104871,0.028
T104872,0.025
T104873,0.03
T104874,0.0
T104875,0.028
T104876,0.0
T104877,0.025
T104878,0.03
T104879,0.0
T104880,0.0
T104881,0.028
T104882,0.028
T104883,0.03
T104884,0.028
T104885,0.0
T104886,0.025
T104887,0.025
T104888,0.0
T104889,0.025
T104890,0.0
T104891,0.03
T104892,0.03
T104893,0.025
T104894,0.0
T104895,0.03
T104896,0.03
T104897,0.03
T104898,0.0
T104899,0.0
T104900,0.025
T104901,0.025
T104902,0.025
T104903,0.03
T104904,0.025
T104905,0.0
T104906,0.03
T104907,0.0
T104908,0.0
T104909,0.028
T104910,0.03
T104911,0.03
T104912,0.028
T104913,0.0
T104914,0.025
T104915,0.0
T104916,0.025
T104917,0.025
T104918,0.0
T104919,0.03
T104920,0.025
T104921,0.025
T104922,0.0
T104923,0.0
T104924,0.028
T104925,0.0
T104926,0.0
T104927,0.028
T104928,0.0
T104929,0.0
T104930,0.028
T104931,0.0
T104932,0.028
T104933,0.0
T104934,0.0
T104935,0.028
T104936,0.03
T104937,0.0
T104938,0.0
T104939,0.028
T104940,0.028
T104941,0.0
T104942,0.0
T104943,0.025
T104944,0.0
T104945,0.03
T104946,0.0
T104947,0.028
T104948,0.0
T104949,0.0
T104950,0.028
T104951,0.03
T104952,0.025
T104953,0.0
T104954,0.025
T104955,0.025
T104956,0.0
T104957,0.028
T104958,0.0
T104959,0.025
T104960,0.03
T104961,0.0
T104962,0.025
T104963,0.0
T104964,0.0
T104965,0.03
T104966,0.03
T104967,0.03
T104968,0.0
T104969,0.025
T104970,0.0
T104971,0.028
T104972,0.0
T104973,0.0
T104974,0.0
T104975,0.028
T104976,0.0
T104977,0.028
T104978,0.025
T104979,0.0
T104980,0.03
T104981,0.028
T104982,0.0
T104983,0.0
T104984,0.025
T104985,0.0
T104986,0.0
T104987,0.028
T104988,0.0
T104989,0.0
T104990,0.025
T104991,0.0
T104992,0.028
T104993,0.0
T104994,0.0
T104995,0.028
T104996,0.025
T104997,0.028
T104998,0.028
T104999,0.0
